{
  "verdadera": {
    "precision": 0.7631578947368421,
    "recall": 0.7286432160804021,
    "f1-score": 0.7455012853470437,
    "support": 199,
    "confused_with": {
      "falsa": 54
    }
  },
  "falsa": {
    "precision": 0.7326732673267327,
    "recall": 0.7668393782383419,
    "f1-score": 0.7493670886075949,
    "support": 193,
    "confused_with": {
      "verdadera": 45
    }
  },
  "accuracy": 0.7474489795918368,
  "macro avg": {
    "precision": 0.7479155810317875,
    "recall": 0.747741297159372,
    "f1-score": 0.7474341869773193,
    "support": 392
  },
  "weighted avg": {
    "precision": 0.7481488817517628,
    "recall": 0.7474489795918368,
    "f1-score": 0.7474046017482845,
    "support": 392
  },
  "micro avg": {
    "precision": 0.7474489795918368,
    "recall": 0.7474489795918368,
    "f1-score": 0.7474489795918368,
    "support": 392
  }
}